"GEO_ID","id"
"NAME","Geographic Area Name"
"S2506_C01_001E","Owner-occupied housing units with a mortgage!!Estimate!!Owner-occupied housing units with a mortgage"
"S2506_C01_001M","Owner-occupied housing units with a mortgage!!Margin of Error!!Owner-occupied housing units with a mortgage"
"S2506_C01_002E","Owner-occupied housing units with a mortgage!!Estimate!!VALUE!!Less than $50,000"
"S2506_C01_002M","Owner-occupied housing units with a mortgage!!Margin of Error!!VALUE!!Less than $50,000"
"S2506_C01_003E","Owner-occupied housing units with a mortgage!!Estimate!!VALUE!!$50,000 to $99,999"
"S2506_C01_003M","Owner-occupied housing units with a mortgage!!Margin of Error!!VALUE!!$50,000 to $99,999"
"S2506_C01_004E","Owner-occupied housing units with a mortgage!!Estimate!!VALUE!!$100,000 to $149,999"
"S2506_C01_004M","Owner-occupied housing units with a mortgage!!Margin of Error!!VALUE!!$100,000 to $149,999"
"S2506_C01_005E","Owner-occupied housing units with a mortgage!!Estimate!!VALUE!!$150,000 to $199,999"
"S2506_C01_005M","Owner-occupied housing units with a mortgage!!Margin of Error!!VALUE!!$150,000 to $199,999"
"S2506_C01_006E","Owner-occupied housing units with a mortgage!!Estimate!!VALUE!!$200,000 to $299,999"
"S2506_C01_006M","Owner-occupied housing units with a mortgage!!Margin of Error!!VALUE!!$200,000 to $299,999"
"S2506_C01_007E","Owner-occupied housing units with a mortgage!!Estimate!!VALUE!!$300,000 to $499,999"
"S2506_C01_007M","Owner-occupied housing units with a mortgage!!Margin of Error!!VALUE!!$300,000 to $499,999"
"S2506_C01_008E","Owner-occupied housing units with a mortgage!!Estimate!!VALUE!!$500,000 or more"
"S2506_C01_008M","Owner-occupied housing units with a mortgage!!Margin of Error!!VALUE!!$500,000 or more"
"S2506_C01_009E","Owner-occupied housing units with a mortgage!!Estimate!!VALUE!!Median (dollars)"
"S2506_C01_009M","Owner-occupied housing units with a mortgage!!Margin of Error!!VALUE!!Median (dollars)"
"S2506_C01_010E","Owner-occupied housing units with a mortgage!!Estimate!!MORTGAGE STATUS!!With either a second mortgage, or home equity loan, but not both"
"S2506_C01_010M","Owner-occupied housing units with a mortgage!!Margin of Error!!MORTGAGE STATUS!!With either a second mortgage, or home equity loan, but not both"
"S2506_C01_011E","Owner-occupied housing units with a mortgage!!Estimate!!MORTGAGE STATUS!!With either a second mortgage, or home equity loan, but not both!!Second mortgage only"
"S2506_C01_011M","Owner-occupied housing units with a mortgage!!Margin of Error!!MORTGAGE STATUS!!With either a second mortgage, or home equity loan, but not both!!Second mortgage only"
"S2506_C01_012E","Owner-occupied housing units with a mortgage!!Estimate!!MORTGAGE STATUS!!With either a second mortgage, or home equity loan, but not both!!Home equity loan only"
"S2506_C01_012M","Owner-occupied housing units with a mortgage!!Margin of Error!!MORTGAGE STATUS!!With either a second mortgage, or home equity loan, but not both!!Home equity loan only"
"S2506_C01_013E","Owner-occupied housing units with a mortgage!!Estimate!!MORTGAGE STATUS!!Both second mortgage and home equity loan"
"S2506_C01_013M","Owner-occupied housing units with a mortgage!!Margin of Error!!MORTGAGE STATUS!!Both second mortgage and home equity loan"
"S2506_C01_014E","Owner-occupied housing units with a mortgage!!Estimate!!MORTGAGE STATUS!!No second mortgage and no home equity loan"
"S2506_C01_014M","Owner-occupied housing units with a mortgage!!Margin of Error!!MORTGAGE STATUS!!No second mortgage and no home equity loan"
"S2506_C01_015E","Owner-occupied housing units with a mortgage!!Estimate!!HOUSEHOLD INCOME IN THE PAST 12 MONTHS (IN 2012 INFLATION-ADJUSTED DOLLARS)!!Less than $10,000"
"S2506_C01_015M","Owner-occupied housing units with a mortgage!!Margin of Error!!HOUSEHOLD INCOME IN THE PAST 12 MONTHS (IN 2012 INFLATION-ADJUSTED DOLLARS)!!Less than $10,000"
"S2506_C01_016E","Owner-occupied housing units with a mortgage!!Estimate!!HOUSEHOLD INCOME IN THE PAST 12 MONTHS (IN 2012 INFLATION-ADJUSTED DOLLARS)!!$10,000 to $24,999"
"S2506_C01_016M","Owner-occupied housing units with a mortgage!!Margin of Error!!HOUSEHOLD INCOME IN THE PAST 12 MONTHS (IN 2012 INFLATION-ADJUSTED DOLLARS)!!$10,000 to $24,999"
"S2506_C01_017E","Owner-occupied housing units with a mortgage!!Estimate!!HOUSEHOLD INCOME IN THE PAST 12 MONTHS (IN 2012 INFLATION-ADJUSTED DOLLARS)!!$25,000 to $34,999"
"S2506_C01_017M","Owner-occupied housing units with a mortgage!!Margin of Error!!HOUSEHOLD INCOME IN THE PAST 12 MONTHS (IN 2012 INFLATION-ADJUSTED DOLLARS)!!$25,000 to $34,999"
"S2506_C01_018E","Owner-occupied housing units with a mortgage!!Estimate!!HOUSEHOLD INCOME IN THE PAST 12 MONTHS (IN 2012 INFLATION-ADJUSTED DOLLARS)!!$35,000 to $49,999"
"S2506_C01_018M","Owner-occupied housing units with a mortgage!!Margin of Error!!HOUSEHOLD INCOME IN THE PAST 12 MONTHS (IN 2012 INFLATION-ADJUSTED DOLLARS)!!$35,000 to $49,999"
"S2506_C01_019E","Owner-occupied housing units with a mortgage!!Estimate!!HOUSEHOLD INCOME IN THE PAST 12 MONTHS (IN 2012 INFLATION-ADJUSTED DOLLARS)!!$50,000 to $74,999"
"S2506_C01_019M","Owner-occupied housing units with a mortgage!!Margin of Error!!HOUSEHOLD INCOME IN THE PAST 12 MONTHS (IN 2012 INFLATION-ADJUSTED DOLLARS)!!$50,000 to $74,999"
"S2506_C01_020E","Owner-occupied housing units with a mortgage!!Estimate!!HOUSEHOLD INCOME IN THE PAST 12 MONTHS (IN 2012 INFLATION-ADJUSTED DOLLARS)!!$75,000 to $99,999"
"S2506_C01_020M","Owner-occupied housing units with a mortgage!!Margin of Error!!HOUSEHOLD INCOME IN THE PAST 12 MONTHS (IN 2012 INFLATION-ADJUSTED DOLLARS)!!$75,000 to $99,999"
"S2506_C01_021E","Owner-occupied housing units with a mortgage!!Estimate!!HOUSEHOLD INCOME IN THE PAST 12 MONTHS (IN 2012 INFLATION-ADJUSTED DOLLARS)!!$100,000 to $149,999"
"S2506_C01_021M","Owner-occupied housing units with a mortgage!!Margin of Error!!HOUSEHOLD INCOME IN THE PAST 12 MONTHS (IN 2012 INFLATION-ADJUSTED DOLLARS)!!$100,000 to $149,999"
"S2506_C01_022E","Owner-occupied housing units with a mortgage!!Estimate!!HOUSEHOLD INCOME IN THE PAST 12 MONTHS (IN 2012 INFLATION-ADJUSTED DOLLARS)!!$150,000 or more"
"S2506_C01_022M","Owner-occupied housing units with a mortgage!!Margin of Error!!HOUSEHOLD INCOME IN THE PAST 12 MONTHS (IN 2012 INFLATION-ADJUSTED DOLLARS)!!$150,000 or more"
"S2506_C01_023E","Owner-occupied housing units with a mortgage!!Estimate!!HOUSEHOLD INCOME IN THE PAST 12 MONTHS (IN 2012 INFLATION-ADJUSTED DOLLARS)!!Median household income (dollars)"
"S2506_C01_023M","Owner-occupied housing units with a mortgage!!Margin of Error!!HOUSEHOLD INCOME IN THE PAST 12 MONTHS (IN 2012 INFLATION-ADJUSTED DOLLARS)!!Median household income (dollars)"
"S2506_C01_024E","Owner-occupied housing units with a mortgage!!Estimate!!RATIO OF VALUE TO HOUSEHOLD INCOME IN THE PAST 12 MONTHS!!Less than 2.0"
"S2506_C01_024M","Owner-occupied housing units with a mortgage!!Margin of Error!!RATIO OF VALUE TO HOUSEHOLD INCOME IN THE PAST 12 MONTHS!!Less than 2.0"
"S2506_C01_025E","Owner-occupied housing units with a mortgage!!Estimate!!RATIO OF VALUE TO HOUSEHOLD INCOME IN THE PAST 12 MONTHS!!2.0 to 2.9"
"S2506_C01_025M","Owner-occupied housing units with a mortgage!!Margin of Error!!RATIO OF VALUE TO HOUSEHOLD INCOME IN THE PAST 12 MONTHS!!2.0 to 2.9"
"S2506_C01_026E","Owner-occupied housing units with a mortgage!!Estimate!!RATIO OF VALUE TO HOUSEHOLD INCOME IN THE PAST 12 MONTHS!!3.0 to 3.9"
"S2506_C01_026M","Owner-occupied housing units with a mortgage!!Margin of Error!!RATIO OF VALUE TO HOUSEHOLD INCOME IN THE PAST 12 MONTHS!!3.0 to 3.9"
"S2506_C01_027E","Owner-occupied housing units with a mortgage!!Estimate!!RATIO OF VALUE TO HOUSEHOLD INCOME IN THE PAST 12 MONTHS!!4.0 or more"
"S2506_C01_027M","Owner-occupied housing units with a mortgage!!Margin of Error!!RATIO OF VALUE TO HOUSEHOLD INCOME IN THE PAST 12 MONTHS!!4.0 or more"
"S2506_C01_028E","Owner-occupied housing units with a mortgage!!Estimate!!RATIO OF VALUE TO HOUSEHOLD INCOME IN THE PAST 12 MONTHS!!Not computed"
"S2506_C01_028M","Owner-occupied housing units with a mortgage!!Margin of Error!!RATIO OF VALUE TO HOUSEHOLD INCOME IN THE PAST 12 MONTHS!!Not computed"
"S2506_C01_029E","Owner-occupied housing units with a mortgage!!Estimate!!MONTHLY HOUSING COSTS!!Less than $200"
"S2506_C01_029M","Owner-occupied housing units with a mortgage!!Margin of Error!!MONTHLY HOUSING COSTS!!Less than $200"
"S2506_C01_030E","Owner-occupied housing units with a mortgage!!Estimate!!MONTHLY HOUSING COSTS!!$200 to $299"
"S2506_C01_030M","Owner-occupied housing units with a mortgage!!Margin of Error!!MONTHLY HOUSING COSTS!!$200 to $299"
"S2506_C01_031E","Owner-occupied housing units with a mortgage!!Estimate!!MONTHLY HOUSING COSTS!!$300 to $399"
"S2506_C01_031M","Owner-occupied housing units with a mortgage!!Margin of Error!!MONTHLY HOUSING COSTS!!$300 to $399"
"S2506_C01_032E","Owner-occupied housing units with a mortgage!!Estimate!!MONTHLY HOUSING COSTS!!$400 to $499"
"S2506_C01_032M","Owner-occupied housing units with a mortgage!!Margin of Error!!MONTHLY HOUSING COSTS!!$400 to $499"
"S2506_C01_033E","Owner-occupied housing units with a mortgage!!Estimate!!MONTHLY HOUSING COSTS!!$500 to $599"
"S2506_C01_033M","Owner-occupied housing units with a mortgage!!Margin of Error!!MONTHLY HOUSING COSTS!!$500 to $599"
"S2506_C01_034E","Owner-occupied housing units with a mortgage!!Estimate!!MONTHLY HOUSING COSTS!!$600 to $699"
"S2506_C01_034M","Owner-occupied housing units with a mortgage!!Margin of Error!!MONTHLY HOUSING COSTS!!$600 to $699"
"S2506_C01_035E","Owner-occupied housing units with a mortgage!!Estimate!!MONTHLY HOUSING COSTS!!$700 to $799"
"S2506_C01_035M","Owner-occupied housing units with a mortgage!!Margin of Error!!MONTHLY HOUSING COSTS!!$700 to $799"
"S2506_C01_036E","Owner-occupied housing units with a mortgage!!Estimate!!MONTHLY HOUSING COSTS!!$800 to $899"
"S2506_C01_036M","Owner-occupied housing units with a mortgage!!Margin of Error!!MONTHLY HOUSING COSTS!!$800 to $899"
"S2506_C01_037E","Owner-occupied housing units with a mortgage!!Estimate!!MONTHLY HOUSING COSTS!!$900 to $999"
"S2506_C01_037M","Owner-occupied housing units with a mortgage!!Margin of Error!!MONTHLY HOUSING COSTS!!$900 to $999"
"S2506_C01_038E","Owner-occupied housing units with a mortgage!!Estimate!!MONTHLY HOUSING COSTS!!$1,000 to $1,249"
"S2506_C01_038M","Owner-occupied housing units with a mortgage!!Margin of Error!!MONTHLY HOUSING COSTS!!$1,000 to $1,249"
"S2506_C01_039E","Owner-occupied housing units with a mortgage!!Estimate!!MONTHLY HOUSING COSTS!!$1,250 to $1,499"
"S2506_C01_039M","Owner-occupied housing units with a mortgage!!Margin of Error!!MONTHLY HOUSING COSTS!!$1,250 to $1,499"
"S2506_C01_040E","Owner-occupied housing units with a mortgage!!Estimate!!MONTHLY HOUSING COSTS!!$1,500 to $1,999"
"S2506_C01_040M","Owner-occupied housing units with a mortgage!!Margin of Error!!MONTHLY HOUSING COSTS!!$1,500 to $1,999"
"S2506_C01_041E","Owner-occupied housing units with a mortgage!!Estimate!!MONTHLY HOUSING COSTS!!$2,000 or more"
"S2506_C01_041M","Owner-occupied housing units with a mortgage!!Margin of Error!!MONTHLY HOUSING COSTS!!$2,000 or more"
"S2506_C01_042E","Owner-occupied housing units with a mortgage!!Estimate!!MONTHLY HOUSING COSTS!!Median (dollars)"
"S2506_C01_042M","Owner-occupied housing units with a mortgage!!Margin of Error!!MONTHLY HOUSING COSTS!!Median (dollars)"
"S2506_C01_043E","Owner-occupied housing units with a mortgage!!Estimate!!MONTHLY HOUSING COSTS AS A PERCENTAGE OF HOUSEHOLD INCOME IN THE PAST 12 MONTHS!!Less than $20,000"
"S2506_C01_043M","Owner-occupied housing units with a mortgage!!Margin of Error!!MONTHLY HOUSING COSTS AS A PERCENTAGE OF HOUSEHOLD INCOME IN THE PAST 12 MONTHS!!Less than $20,000"
"S2506_C01_044E","Owner-occupied housing units with a mortgage!!Estimate!!MONTHLY HOUSING COSTS AS A PERCENTAGE OF HOUSEHOLD INCOME IN THE PAST 12 MONTHS!!Less than $20,000!!Less than 20 percent"
"S2506_C01_044M","Owner-occupied housing units with a mortgage!!Margin of Error!!MONTHLY HOUSING COSTS AS A PERCENTAGE OF HOUSEHOLD INCOME IN THE PAST 12 MONTHS!!Less than $20,000!!Less than 20 percent"
"S2506_C01_045E","Owner-occupied housing units with a mortgage!!Estimate!!MONTHLY HOUSING COSTS AS A PERCENTAGE OF HOUSEHOLD INCOME IN THE PAST 12 MONTHS!!Less than $20,000!!20 to 29 percent"
"S2506_C01_045M","Owner-occupied housing units with a mortgage!!Margin of Error!!MONTHLY HOUSING COSTS AS A PERCENTAGE OF HOUSEHOLD INCOME IN THE PAST 12 MONTHS!!Less than $20,000!!20 to 29 percent"
"S2506_C01_046E","Owner-occupied housing units with a mortgage!!Estimate!!MONTHLY HOUSING COSTS AS A PERCENTAGE OF HOUSEHOLD INCOME IN THE PAST 12 MONTHS!!Less than $20,000!!30 percent or more"
"S2506_C01_046M","Owner-occupied housing units with a mortgage!!Margin of Error!!MONTHLY HOUSING COSTS AS A PERCENTAGE OF HOUSEHOLD INCOME IN THE PAST 12 MONTHS!!Less than $20,000!!30 percent or more"
"S2506_C01_047E","Owner-occupied housing units with a mortgage!!Estimate!!MONTHLY HOUSING COSTS AS A PERCENTAGE OF HOUSEHOLD INCOME IN THE PAST 12 MONTHS!!$20,000 to $34,999"
"S2506_C01_047M","Owner-occupied housing units with a mortgage!!Margin of Error!!MONTHLY HOUSING COSTS AS A PERCENTAGE OF HOUSEHOLD INCOME IN THE PAST 12 MONTHS!!$20,000 to $34,999"
"S2506_C01_048E","Owner-occupied housing units with a mortgage!!Estimate!!MONTHLY HOUSING COSTS AS A PERCENTAGE OF HOUSEHOLD INCOME IN THE PAST 12 MONTHS!!$20,000 to $34,999!!Less than 20 percent"
"S2506_C01_048M","Owner-occupied housing units with a mortgage!!Margin of Error!!MONTHLY HOUSING COSTS AS A PERCENTAGE OF HOUSEHOLD INCOME IN THE PAST 12 MONTHS!!$20,000 to $34,999!!Less than 20 percent"
"S2506_C01_049E","Owner-occupied housing units with a mortgage!!Estimate!!MONTHLY HOUSING COSTS AS A PERCENTAGE OF HOUSEHOLD INCOME IN THE PAST 12 MONTHS!!$20,000 to $34,999!!20 to 29 percent"
"S2506_C01_049M","Owner-occupied housing units with a mortgage!!Margin of Error!!MONTHLY HOUSING COSTS AS A PERCENTAGE OF HOUSEHOLD INCOME IN THE PAST 12 MONTHS!!$20,000 to $34,999!!20 to 29 percent"
"S2506_C01_050E","Owner-occupied housing units with a mortgage!!Estimate!!MONTHLY HOUSING COSTS AS A PERCENTAGE OF HOUSEHOLD INCOME IN THE PAST 12 MONTHS!!$20,000 to $34,999!!30 percent or more"
"S2506_C01_050M","Owner-occupied housing units with a mortgage!!Margin of Error!!MONTHLY HOUSING COSTS AS A PERCENTAGE OF HOUSEHOLD INCOME IN THE PAST 12 MONTHS!!$20,000 to $34,999!!30 percent or more"
"S2506_C01_051E","Owner-occupied housing units with a mortgage!!Estimate!!MONTHLY HOUSING COSTS AS A PERCENTAGE OF HOUSEHOLD INCOME IN THE PAST 12 MONTHS!!$35,000 to $49,999"
"S2506_C01_051M","Owner-occupied housing units with a mortgage!!Margin of Error!!MONTHLY HOUSING COSTS AS A PERCENTAGE OF HOUSEHOLD INCOME IN THE PAST 12 MONTHS!!$35,000 to $49,999"
"S2506_C01_052E","Owner-occupied housing units with a mortgage!!Estimate!!MONTHLY HOUSING COSTS AS A PERCENTAGE OF HOUSEHOLD INCOME IN THE PAST 12 MONTHS!!$35,000 to $49,999!!Less than 20 percent"
"S2506_C01_052M","Owner-occupied housing units with a mortgage!!Margin of Error!!MONTHLY HOUSING COSTS AS A PERCENTAGE OF HOUSEHOLD INCOME IN THE PAST 12 MONTHS!!$35,000 to $49,999!!Less than 20 percent"
"S2506_C01_053E","Owner-occupied housing units with a mortgage!!Estimate!!MONTHLY HOUSING COSTS AS A PERCENTAGE OF HOUSEHOLD INCOME IN THE PAST 12 MONTHS!!$35,000 to $49,999!!20 to 29 percent"
"S2506_C01_053M","Owner-occupied housing units with a mortgage!!Margin of Error!!MONTHLY HOUSING COSTS AS A PERCENTAGE OF HOUSEHOLD INCOME IN THE PAST 12 MONTHS!!$35,000 to $49,999!!20 to 29 percent"
"S2506_C01_054E","Owner-occupied housing units with a mortgage!!Estimate!!MONTHLY HOUSING COSTS AS A PERCENTAGE OF HOUSEHOLD INCOME IN THE PAST 12 MONTHS!!$35,000 to $49,999!!30 percent or more"
"S2506_C01_054M","Owner-occupied housing units with a mortgage!!Margin of Error!!MONTHLY HOUSING COSTS AS A PERCENTAGE OF HOUSEHOLD INCOME IN THE PAST 12 MONTHS!!$35,000 to $49,999!!30 percent or more"
"S2506_C01_055E","Owner-occupied housing units with a mortgage!!Estimate!!MONTHLY HOUSING COSTS AS A PERCENTAGE OF HOUSEHOLD INCOME IN THE PAST 12 MONTHS!!$50,000 to $74,999"
"S2506_C01_055M","Owner-occupied housing units with a mortgage!!Margin of Error!!MONTHLY HOUSING COSTS AS A PERCENTAGE OF HOUSEHOLD INCOME IN THE PAST 12 MONTHS!!$50,000 to $74,999"
"S2506_C01_056E","Owner-occupied housing units with a mortgage!!Estimate!!MONTHLY HOUSING COSTS AS A PERCENTAGE OF HOUSEHOLD INCOME IN THE PAST 12 MONTHS!!$50,000 to $74,999!!Less than 20 percent"
"S2506_C01_056M","Owner-occupied housing units with a mortgage!!Margin of Error!!MONTHLY HOUSING COSTS AS A PERCENTAGE OF HOUSEHOLD INCOME IN THE PAST 12 MONTHS!!$50,000 to $74,999!!Less than 20 percent"
"S2506_C01_057E","Owner-occupied housing units with a mortgage!!Estimate!!MONTHLY HOUSING COSTS AS A PERCENTAGE OF HOUSEHOLD INCOME IN THE PAST 12 MONTHS!!$50,000 to $74,999!!20 to 29 percent"
"S2506_C01_057M","Owner-occupied housing units with a mortgage!!Margin of Error!!MONTHLY HOUSING COSTS AS A PERCENTAGE OF HOUSEHOLD INCOME IN THE PAST 12 MONTHS!!$50,000 to $74,999!!20 to 29 percent"
"S2506_C01_058E","Owner-occupied housing units with a mortgage!!Estimate!!MONTHLY HOUSING COSTS AS A PERCENTAGE OF HOUSEHOLD INCOME IN THE PAST 12 MONTHS!!$50,000 to $74,999!!30 percent or more"
"S2506_C01_058M","Owner-occupied housing units with a mortgage!!Margin of Error!!MONTHLY HOUSING COSTS AS A PERCENTAGE OF HOUSEHOLD INCOME IN THE PAST 12 MONTHS!!$50,000 to $74,999!!30 percent or more"
"S2506_C01_059E","Owner-occupied housing units with a mortgage!!Estimate!!MONTHLY HOUSING COSTS AS A PERCENTAGE OF HOUSEHOLD INCOME IN THE PAST 12 MONTHS!!$75,000 or more"
"S2506_C01_059M","Owner-occupied housing units with a mortgage!!Margin of Error!!MONTHLY HOUSING COSTS AS A PERCENTAGE OF HOUSEHOLD INCOME IN THE PAST 12 MONTHS!!$75,000 or more"
"S2506_C01_060E","Owner-occupied housing units with a mortgage!!Estimate!!MONTHLY HOUSING COSTS AS A PERCENTAGE OF HOUSEHOLD INCOME IN THE PAST 12 MONTHS!!$75,000 or more!!Less than 20 percent"
"S2506_C01_060M","Owner-occupied housing units with a mortgage!!Margin of Error!!MONTHLY HOUSING COSTS AS A PERCENTAGE OF HOUSEHOLD INCOME IN THE PAST 12 MONTHS!!$75,000 or more!!Less than 20 percent"
"S2506_C01_061E","Owner-occupied housing units with a mortgage!!Estimate!!MONTHLY HOUSING COSTS AS A PERCENTAGE OF HOUSEHOLD INCOME IN THE PAST 12 MONTHS!!$75,000 or more!!20 to 29 percent"
"S2506_C01_061M","Owner-occupied housing units with a mortgage!!Margin of Error!!MONTHLY HOUSING COSTS AS A PERCENTAGE OF HOUSEHOLD INCOME IN THE PAST 12 MONTHS!!$75,000 or more!!20 to 29 percent"
"S2506_C01_062E","Owner-occupied housing units with a mortgage!!Estimate!!MONTHLY HOUSING COSTS AS A PERCENTAGE OF HOUSEHOLD INCOME IN THE PAST 12 MONTHS!!$75,000 or more!!30 percent or more"
"S2506_C01_062M","Owner-occupied housing units with a mortgage!!Margin of Error!!MONTHLY HOUSING COSTS AS A PERCENTAGE OF HOUSEHOLD INCOME IN THE PAST 12 MONTHS!!$75,000 or more!!30 percent or more"
"S2506_C01_063E","Owner-occupied housing units with a mortgage!!Estimate!!MONTHLY HOUSING COSTS AS A PERCENTAGE OF HOUSEHOLD INCOME IN THE PAST 12 MONTHS!!$75,000 or more!!Zero or negative income"
"S2506_C01_063M","Owner-occupied housing units with a mortgage!!Margin of Error!!MONTHLY HOUSING COSTS AS A PERCENTAGE OF HOUSEHOLD INCOME IN THE PAST 12 MONTHS!!$75,000 or more!!Zero or negative income"
"S2506_C01_064E","Owner-occupied housing units with a mortgage!!Estimate!!REAL ESTATE TAXES!!Less than $800"
"S2506_C01_064M","Owner-occupied housing units with a mortgage!!Margin of Error!!REAL ESTATE TAXES!!Less than $800"
"S2506_C01_065E","Owner-occupied housing units with a mortgage!!Estimate!!REAL ESTATE TAXES!!$800 to $1,499"
"S2506_C01_065M","Owner-occupied housing units with a mortgage!!Margin of Error!!REAL ESTATE TAXES!!$800 to $1,499"
"S2506_C01_066E","Owner-occupied housing units with a mortgage!!Estimate!!REAL ESTATE TAXES!!$1,500 or more"
"S2506_C01_066M","Owner-occupied housing units with a mortgage!!Margin of Error!!REAL ESTATE TAXES!!$1,500 or more"
"S2506_C01_067E","Owner-occupied housing units with a mortgage!!Estimate!!REAL ESTATE TAXES!!No real estate taxes paid"
"S2506_C01_067M","Owner-occupied housing units with a mortgage!!Margin of Error!!REAL ESTATE TAXES!!No real estate taxes paid"
"S2506_C01_068E","Owner-occupied housing units with a mortgage!!Estimate!!REAL ESTATE TAXES!!Median (dollars)"
"S2506_C01_068M","Owner-occupied housing units with a mortgage!!Margin of Error!!REAL ESTATE TAXES!!Median (dollars)"
"S2506_C01_069E","Owner-occupied housing units with a mortgage!!Estimate!!PERCENT IMPUTED!!Mortgage status"
"S2506_C01_069M","Owner-occupied housing units with a mortgage!!Margin of Error!!PERCENT IMPUTED!!Mortgage status"
